timestamp,elapsed_ms,event,key_id,key_type
2026-08-10T09:11:57.442+00:00,5698.871,press,f55367215c1bc555ff5d40216228137afd74b7aac9f0134903e15529427c1127,character
2026-08-10T09:11:57.462+00:00,5719.574,release,f55367215c1bc555ff5d40216228137afd74b7aac9f0134903e15529427c1127,character
2026-08-10T09:11:57.628+00:00,5885.688,press,ac19dc77757b532079d1735b8566fb60ac96ee03c27c5fe4366b752a46e8b051,character
2026-08-10T09:11:57.756+00:00,6013.489,release,ac19dc77757b532079d1735b8566fb60ac96ee03c27c5fe4366b752a46e8b051,character
2026-08-10T09:11:57.990+00:00,6247.762,press,7769ac8a12582e8ad3ccd6c8b7d5c7ab300644cefd2da3d1cda77fc5fce80812,character
2026-08-10T09:11:58.113+00:00,6370.21,release,7769ac8a12582e8ad3ccd6c8b7d5c7ab300644cefd2da3d1cda77fc5fce80812,character
2026-08-10T09:11:58.146+00:00,6403.618,press,c70344094ea28ac4b815b31e0071fc673cade1686a3426dc2cd7003f829bc6a4,character
2026-08-10T09:11:58.282+00:00,6539.473,release,c70344094ea28ac4b815b31e0071fc673cade1686a3426dc2cd7003f829bc6a4,character
2026-08-10T09:11:58.908+00:00,7165.691,press,29b324292d73b28a958a4686711b38ccabe75160382c10dc5ded58fa1ee78eea,character
2026-08-10T09:11:59.026+00:00,7283.657,release,29b324292d73b28a958a4686711b38ccabe75160382c10dc5ded58fa1ee78eea,character
2026-08-10T09:11:59.076+00:00,7333.337,press,ccfdb4782ffc8412976c1e6dda4a0ad8f2be613e6d9287ec575ec3c8232b5a39,special
2026-08-10T09:11:59.272+00:00,7529.425,release,ccfdb4782ffc8412976c1e6dda4a0ad8f2be613e6d9287ec575ec3c8232b5a39,special
2026-08-10T09:12:00.661+00:00,8918.129,press,ccfdb4782ffc8412976c1e6dda4a0ad8f2be613e6d9287ec575ec3c8232b5a39,special
2026-08-10T09:12:00.810+00:00,9067.833,release,ccfdb4782ffc8412976c1e6dda4a0ad8f2be613e6d9287ec575ec3c8232b5a39,special
2026-08-10T09:12:08.368+00:00,16625.238,press,5761acac657b955fbed518b8d1814e64ac36e86435d4068599dd23746b80d699,character
2026-08-10T09:12:08.402+00:00,16658.925,release,5761acac657b955fbed518b8d1814e64ac36e86435d4068599dd23746b80d699,character
2026-08-10T09:12:08.494+00:00,16750.976,press,52499948e51cc1ab88e16b60ad9a89518f3ccf5e395644caa9cea0c28470663c,character
2026-08-10T09:12:08.616+00:00,16873.382,release,52499948e51cc1ab88e16b60ad9a89518f3ccf5e395644caa9cea0c28470663c,character
2026-08-10T09:12:08.706+00:00,16962.931,press,ae0fffa7bf37d5b9d993c3faf11e11373dbee70857570277f4d8e786c4a01b9c,special
2026-08-10T09:12:08.780+00:00,17036.891,release,ae0fffa7bf37d5b9d993c3faf11e11373dbee70857570277f4d8e786c4a01b9c,special
2026-08-10T09:12:08.964+00:00,17220.944,press,7769ac8a12582e8ad3ccd6c8b7d5c7ab300644cefd2da3d1cda77fc5fce80812,character
2026-08-10T09:12:09.056+00:00,17313.004,release,7769ac8a12582e8ad3ccd6c8b7d5c7ab300644cefd2da3d1cda77fc5fce80812,character
2026-08-10T09:12:09.168+00:00,17425.044,press,5761acac657b955fbed518b8d1814e64ac36e86435d4068599dd23746b80d699,character
2026-08-10T09:12:09.278+00:00,17535.017,release,5761acac657b955fbed518b8d1814e64ac36e86435d4068599dd23746b80d699,character
2026-08-10T09:12:09.408+00:00,17665.119,press,52499948e51cc1ab88e16b60ad9a89518f3ccf5e395644caa9cea0c28470663c,character
2026-08-10T09:12:09.532+00:00,17789.023,release,52499948e51cc1ab88e16b60ad9a89518f3ccf5e395644caa9cea0c28470663c,character
2026-08-10T09:12:09.590+00:00,17847.419,press,2e08c4195ea03bb30885ed831a0fce02d00fbda2cc68ebe89562689cc6571e40,character
2026-08-10T09:12:09.692+00:00,17949.496,release,2e08c4195ea03bb30885ed831a0fce02d00fbda2cc68ebe89562689cc6571e40,character
2026-08-10T09:12:09.693+00:00,17950.685,press,ae0fffa7bf37d5b9d993c3faf11e11373dbee70857570277f4d8e786c4a01b9c,special
2026-08-10T09:12:09.760+00:00,18017.399,release,ae0fffa7bf37d5b9d993c3faf11e11373dbee70857570277f4d8e786c4a01b9c,special
2026-08-10T09:12:10.001+00:00,18258.823,press,ae0fffa7bf37d5b9d993c3faf11e11373dbee70857570277f4d8e786c4a01b9c,special
2026-08-10T09:12:10.095+00:00,18352.829,release,ae0fffa7bf37d5b9d993c3faf11e11373dbee70857570277f4d8e786c4a01b9c,special
2026-08-10T09:12:10.211+00:00,18467.912,press,52499948e51cc1ab88e16b60ad9a89518f3ccf5e395644caa9cea0c28470663c,character
2026-08-10T09:12:10.346+00:00,18602.967,release,52499948e51cc1ab88e16b60ad9a89518f3ccf5e395644caa9cea0c28470663c,character
2026-08-10T09:12:10.390+00:00,18646.925,press,2e08c4195ea03bb30885ed831a0fce02d00fbda2cc68ebe89562689cc6571e40,character
2026-08-10T09:12:10.506+00:00,18763.603,release,2e08c4195ea03bb30885ed831a0fce02d00fbda2cc68ebe89562689cc6571e40,character
2026-08-10T09:12:10.757+00:00,19013.956,press,ae0fffa7bf37d5b9d993c3faf11e11373dbee70857570277f4d8e786c4a01b9c,special
2026-08-10T09:12:10.836+00:00,19093.124,release,ae0fffa7bf37d5b9d993c3faf11e11373dbee70857570277f4d8e786c4a01b9c,special
2026-08-10T09:12:11.054+00:00,19310.919,press,1c38485e295dfe971f373a477c4f4e51d5bf5099ae0cb20d13da43c410cab47c,character
2026-08-10T09:12:11.204+00:00,19461.337,release,1c38485e295dfe971f373a477c4f4e51d5bf5099ae0cb20d13da43c410cab47c,character
2026-08-10T09:12:11.217+00:00,19474.782,press,ae0fffa7bf37d5b9d993c3faf11e11373dbee70857570277f4d8e786c4a01b9c,special
2026-08-10T09:12:11.316+00:00,19572.991,release,ae0fffa7bf37d5b9d993c3faf11e11373dbee70857570277f4d8e786c4a01b9c,special
2026-08-10T09:12:11.578+00:00,19835.638,press,7769ac8a12582e8ad3ccd6c8b7d5c7ab300644cefd2da3d1cda77fc5fce80812,character
2026-08-10T09:12:11.698+00:00,19954.932,release,7769ac8a12582e8ad3ccd6c8b7d5c7ab300644cefd2da3d1cda77fc5fce80812,character
2026-08-10T09:12:11.796+00:00,20053.483,press,c70344094ea28ac4b815b31e0071fc673cade1686a3426dc2cd7003f829bc6a4,character
2026-08-10T09:12:11.920+00:00,20177.16,release,c70344094ea28ac4b815b31e0071fc673cade1686a3426dc2cd7003f829bc6a4,character
2026-08-10T09:12:12.072+00:00,20329.172,press,2e08c4195ea03bb30885ed831a0fce02d00fbda2cc68ebe89562689cc6571e40,character
2026-08-10T09:12:12.206+00:00,20463.045,press,7769ac8a12582e8ad3ccd6c8b7d5c7ab300644cefd2da3d1cda77fc5fce80812,character
2026-08-10T09:12:12.226+00:00,20483.183,release,2e08c4195ea03bb30885ed831a0fce02d00fbda2cc68ebe89562689cc6571e40,character
2026-08-10T09:12:12.286+00:00,20543.149,release,7769ac8a12582e8ad3ccd6c8b7d5c7ab300644cefd2da3d1cda77fc5fce80812,character
2026-08-10T09:12:12.361+00:00,20618.812,press,ae0fffa7bf37d5b9d993c3faf11e11373dbee70857570277f4d8e786c4a01b9c,special
2026-08-10T09:12:12.440+00:00,20696.893,release,ae0fffa7bf37d5b9d993c3faf11e11373dbee70857570277f4d8e786c4a01b9c,special
2026-08-10T09:12:12.866+00:00,21123.105,press,926b0b1a9b53764f7593878fa3ee85f1375d82ee8e3840c567c004d7698b4485,character
2026-08-10T09:12:12.998+00:00,21255.181,release,926b0b1a9b53764f7593878fa3ee85f1375d82ee8e3840c567c004d7698b4485,character
2026-08-10T09:12:13.018+00:00,21275.034,press,5761acac657b955fbed518b8d1814e64ac36e86435d4068599dd23746b80d699,character
2026-08-10T09:12:13.132+00:00,21389.319,release,5761acac657b955fbed518b8d1814e64ac36e86435d4068599dd23746b80d699,character
2026-08-10T09:12:13.224+00:00,21481.432,press,c70344094ea28ac4b815b31e0071fc673cade1686a3426dc2cd7003f829bc6a4,character
2026-08-10T09:12:13.340+00:00,21597.183,release,c70344094ea28ac4b815b31e0071fc673cade1686a3426dc2cd7003f829bc6a4,character
2026-08-10T09:12:13.558+00:00,21815.604,press,926b0b1a9b53764f7593878fa3ee85f1375d82ee8e3840c567c004d7698b4485,character
2026-08-10T09:12:13.708+00:00,21965.107,release,926b0b1a9b53764f7593878fa3ee85f1375d82ee8e3840c567c004d7698b4485,character
2026-08-10T09:12:14.120+00:00,22377.211,press,ae2faa8f7b0ce4378083c8c430cfa37375e90b606533102a4d1ae59a0ace5ab8,character
2026-08-10T09:12:14.216+00:00,22473.46,release,ae2faa8f7b0ce4378083c8c430cfa37375e90b606533102a4d1ae59a0ace5ab8,character
2026-08-10T09:12:14.280+00:00,22537.258,press,ae0fffa7bf37d5b9d993c3faf11e11373dbee70857570277f4d8e786c4a01b9c,special
2026-08-10T09:12:14.395+00:00,22652.848,release,ae0fffa7bf37d5b9d993c3faf11e11373dbee70857570277f4d8e786c4a01b9c,special
2026-08-10T09:12:15.316+00:00,23573.097,press,2014880db646d4162ebc36eb5855c9107983238de62481f26bb5a0942fdfdc4c,character
2026-08-10T09:12:15.438+00:00,23695.06,release,2014880db646d4162ebc36eb5855c9107983238de62481f26bb5a0942fdfdc4c,character
2026-08-10T09:12:15.750+00:00,24007.297,press,ac19dc77757b532079d1735b8566fb60ac96ee03c27c5fe4366b752a46e8b051,character
2026-08-10T09:12:15.840+00:00,24097.135,release,ac19dc77757b532079d1735b8566fb60ac96ee03c27c5fe4366b752a46e8b051,character
2026-08-10T09:12:15.942+00:00,24199.071,press,b8330213047c7e85d79510cb4d7d9dc4defbcf487bbfb227bc96a2a53af45572,character
2026-08-10T09:12:16.064+00:00,24321.166,release,b8330213047c7e85d79510cb4d7d9dc4defbcf487bbfb227bc96a2a53af45572,character
2026-08-10T09:12:16.076+00:00,24332.921,press,ae0fffa7bf37d5b9d993c3faf11e11373dbee70857570277f4d8e786c4a01b9c,special
2026-08-10T09:12:16.172+00:00,24429.452,release,ae0fffa7bf37d5b9d993c3faf11e11373dbee70857570277f4d8e786c4a01b9c,special
2026-08-10T09:12:16.878+00:00,25135.043,press,f55367215c1bc555ff5d40216228137afd74b7aac9f0134903e15529427c1127,character
2026-08-10T09:12:16.962+00:00,25219.104,release,f55367215c1bc555ff5d40216228137afd74b7aac9f0134903e15529427c1127,character
2026-08-10T09:12:17.274+00:00,25531.134,press,c70344094ea28ac4b815b31e0071fc673cade1686a3426dc2cd7003f829bc6a4,character
2026-08-10T09:12:17.370+00:00,25627.225,release,c70344094ea28ac4b815b31e0071fc673cade1686a3426dc2cd7003f829bc6a4,character
2026-08-10T09:12:17.488+00:00,25745.253,press,e689fc9b2942276fb653d27385001e4137af8466fa7959fd89910d4b14af84ff,character
2026-08-10T09:12:17.606+00:00,25863.664,release,e689fc9b2942276fb653d27385001e4137af8466fa7959fd89910d4b14af84ff,character
2026-08-10T09:12:17.608+00:00,25865.136,press,ae0fffa7bf37d5b9d993c3faf11e11373dbee70857570277f4d8e786c4a01b9c,special
2026-08-10T09:12:17.710+00:00,25967.288,release,ae0fffa7bf37d5b9d993c3faf11e11373dbee70857570277f4d8e786c4a01b9c,special
2026-08-10T09:12:18.351+00:00,26607.991,press,a06f32066f95bf217db96bef0b03557ed5dbb1c8dafb669dd0b8e06e312387b1,character
2026-08-10T09:12:18.456+00:00,26713.236,release,a06f32066f95bf217db96bef0b03557ed5dbb1c8dafb669dd0b8e06e312387b1,character
2026-08-10T09:12:18.755+00:00,27011.942,press,29b324292d73b28a958a4686711b38ccabe75160382c10dc5ded58fa1ee78eea,character
2026-08-10T09:12:18.872+00:00,27129.171,release,29b324292d73b28a958a4686711b38ccabe75160382c10dc5ded58fa1ee78eea,character
2026-08-10T09:12:19.192+00:00,27449.547,press,a6f06fde7d842e34a637175d250e758537a9959c30d79714f634eeb938ad555f,character
2026-08-10T09:12:19.320+00:00,27577.217,release,a6f06fde7d842e34a637175d250e758537a9959c30d79714f634eeb938ad555f,character
2026-08-10T09:12:19.368+00:00,27625.652,press,1c38485e295dfe971f373a477c4f4e51d5bf5099ae0cb20d13da43c410cab47c,character
2026-08-10T09:12:19.514+00:00,27771.387,release,1c38485e295dfe971f373a477c4f4e51d5bf5099ae0cb20d13da43c410cab47c,character
2026-08-10T09:12:19.532+00:00,27789.145,press,7769ac8a12582e8ad3ccd6c8b7d5c7ab300644cefd2da3d1cda77fc5fce80812,character
2026-08-10T09:12:19.628+00:00,27885.307,release,7769ac8a12582e8ad3ccd6c8b7d5c7ab300644cefd2da3d1cda77fc5fce80812,character
2026-08-10T09:12:19.706+00:00,27963.68,press,c70344094ea28ac4b815b31e0071fc673cade1686a3426dc2cd7003f829bc6a4,character
2026-08-10T09:12:19.791+00:00,28048.087,press,ae0fffa7bf37d5b9d993c3faf11e11373dbee70857570277f4d8e786c4a01b9c,special
2026-08-10T09:12:19.818+00:00,28075.28,release,c70344094ea28ac4b815b31e0071fc673cade1686a3426dc2cd7003f829bc6a4,character
2026-08-10T09:12:19.906+00:00,28163.539,release,ae0fffa7bf37d5b9d993c3faf11e11373dbee70857570277f4d8e786c4a01b9c,special
2026-08-10T09:12:20.064+00:00,28321.341,press,2014880db646d4162ebc36eb5855c9107983238de62481f26bb5a0942fdfdc4c,character
2026-08-10T09:12:20.214+00:00,28471.138,release,2014880db646d4162ebc36eb5855c9107983238de62481f26bb5a0942fdfdc4c,character
2026-08-10T09:12:20.444+00:00,28701.32,press,ac19dc77757b532079d1735b8566fb60ac96ee03c27c5fe4366b752a46e8b051,character
2026-08-10T09:12:20.545+00:00,28801.933,release,ac19dc77757b532079d1735b8566fb60ac96ee03c27c5fe4366b752a46e8b051,character
2026-08-10T09:12:20.558+00:00,28815.044,press,b8330213047c7e85d79510cb4d7d9dc4defbcf487bbfb227bc96a2a53af45572,character
2026-08-10T09:12:20.690+00:00,28947.689,release,b8330213047c7e85d79510cb4d7d9dc4defbcf487bbfb227bc96a2a53af45572,character
2026-08-10T09:12:20.716+00:00,28973.039,press,ae0fffa7bf37d5b9d993c3faf11e11373dbee70857570277f4d8e786c4a01b9c,special
2026-08-10T09:12:20.812+00:00,29069.265,release,ae0fffa7bf37d5b9d993c3faf11e11373dbee70857570277f4d8e786c4a01b9c,special
2026-08-10T09:12:21.174+00:00,29431.305,press,ae2faa8f7b0ce4378083c8c430cfa37375e90b606533102a4d1ae59a0ace5ab8,character
2026-08-10T09:12:21.268+00:00,29525.376,release,ae2faa8f7b0ce4378083c8c430cfa37375e90b606533102a4d1ae59a0ace5ab8,character
2026-08-10T09:12:21.628+00:00,29885.671,press,c70344094ea28ac4b815b31e0071fc673cade1686a3426dc2cd7003f829bc6a4,character
2026-08-10T09:12:21.750+00:00,30007.294,release,c70344094ea28ac4b815b31e0071fc673cade1686a3426dc2cd7003f829bc6a4,character
2026-08-10T09:12:21.882+00:00,30139.303,press,09787ed3fcec1c9b8ac6acb5de3f1f9fc76fc351ce37393265b3f8d781276165,character
2026-08-10T09:12:21.968+00:00,30225.111,release,09787ed3fcec1c9b8ac6acb5de3f1f9fc76fc351ce37393265b3f8d781276165,character
2026-08-10T09:12:22.246+00:00,30503.63,press,5f8f53e65737690c04bddb4408b63fe0ad41c34fb2db7d1f6935feb3308e9787,character
2026-08-10T09:12:22.336+00:00,30593.577,release,5f8f53e65737690c04bddb4408b63fe0ad41c34fb2db7d1f6935feb3308e9787,character
2026-08-10T09:12:22.671+00:00,30928.311,press,ac19dc77757b532079d1735b8566fb60ac96ee03c27c5fe4366b752a46e8b051,character
2026-08-10T09:12:22.778+00:00,31035.738,release,ac19dc77757b532079d1735b8566fb60ac96ee03c27c5fe4366b752a46e8b051,character
2026-08-10T09:12:22.800+00:00,31057.33,press,1c38485e295dfe971f373a477c4f4e51d5bf5099ae0cb20d13da43c410cab47c,character
2026-08-10T09:12:22.968+00:00,31225.292,release,1c38485e295dfe971f373a477c4f4e51d5bf5099ae0cb20d13da43c410cab47c,character
2026-08-10T09:12:23.172+00:00,31429.752,press,b8330213047c7e85d79510cb4d7d9dc4defbcf487bbfb227bc96a2a53af45572,character
2026-08-10T09:12:23.290+00:00,31547.386,release,b8330213047c7e85d79510cb4d7d9dc4defbcf487bbfb227bc96a2a53af45572,character
2026-08-10T09:12:23.454+00:00,31711.365,press,a6f06fde7d842e34a637175d250e758537a9959c30d79714f634eeb938ad555f,character
2026-08-10T09:12:23.610+00:00,31867.358,release,a6f06fde7d842e34a637175d250e758537a9959c30d79714f634eeb938ad555f,character
2026-08-10T09:12:23.808+00:00,32065.278,press,ae0fffa7bf37d5b9d993c3faf11e11373dbee70857570277f4d8e786c4a01b9c,special
2026-08-10T09:12:23.934+00:00,32191.212,release,ae0fffa7bf37d5b9d993c3faf11e11373dbee70857570277f4d8e786c4a01b9c,special
2026-08-10T09:12:24.399+00:00,32656.383,press,96f85aeb125c3ed1a810ac1845fcedd6a877c10f972593c1bdb8f14fd1c93394,character
2026-08-10T09:12:24.478+00:00,32735.322,release,96f85aeb125c3ed1a810ac1845fcedd6a877c10f972593c1bdb8f14fd1c93394,character
2026-08-10T09:12:24.624+00:00,32881.329,press,ac19dc77757b532079d1735b8566fb60ac96ee03c27c5fe4366b752a46e8b051,character
2026-08-10T09:12:24.689+00:00,32946.371,release,ac19dc77757b532079d1735b8566fb60ac96ee03c27c5fe4366b752a46e8b051,character
2026-08-10T09:12:25.064+00:00,33321.63,press,f223596fa1f386737d78b7ac2fd7e18f3a38d286beee03de8d2319a7170b28fa,character
2026-08-10T09:12:25.134+00:00,33391.566,release,f223596fa1f386737d78b7ac2fd7e18f3a38d286beee03de8d2319a7170b28fa,character
2026-08-10T09:12:25.214+00:00,33471.33,press,f223596fa1f386737d78b7ac2fd7e18f3a38d286beee03de8d2319a7170b28fa,character
2026-08-10T09:12:25.301+00:00,33558.354,release,f223596fa1f386737d78b7ac2fd7e18f3a38d286beee03de8d2319a7170b28fa,character
2026-08-10T09:12:25.360+00:00,33617.393,press,c70344094ea28ac4b815b31e0071fc673cade1686a3426dc2cd7003f829bc6a4,character
2026-08-10T09:12:25.472+00:00,33729.288,release,c70344094ea28ac4b815b31e0071fc673cade1686a3426dc2cd7003f829bc6a4,character
2026-08-10T09:12:25.586+00:00,33843.531,press,b8330213047c7e85d79510cb4d7d9dc4defbcf487bbfb227bc96a2a53af45572,character
2026-08-10T09:12:25.678+00:00,33935.584,release,b8330213047c7e85d79510cb4d7d9dc4defbcf487bbfb227bc96a2a53af45572,character
2026-08-10T09:12:25.724+00:00,33981.316,press,ae0fffa7bf37d5b9d993c3faf11e11373dbee70857570277f4d8e786c4a01b9c,special
2026-08-10T09:12:25.783+00:00,34040.123,release,ae0fffa7bf37d5b9d993c3faf11e11373dbee70857570277f4d8e786c4a01b9c,special
2026-08-10T09:12:26.221+00:00,34478.522,press,2e08c4195ea03bb30885ed831a0fce02d00fbda2cc68ebe89562689cc6571e40,character
2026-08-10T09:12:26.388+00:00,34645.323,release,2e08c4195ea03bb30885ed831a0fce02d00fbda2cc68ebe89562689cc6571e40,character
2026-08-10T09:12:26.464+00:00,34721.743,press,ac19dc77757b532079d1735b8566fb60ac96ee03c27c5fe4366b752a46e8b051,character
2026-08-10T09:12:26.537+00:00,34794.273,release,ac19dc77757b532079d1735b8566fb60ac96ee03c27c5fe4366b752a46e8b051,character
2026-08-10T09:12:26.655+00:00,34912.006,press,ae0fffa7bf37d5b9d993c3faf11e11373dbee70857570277f4d8e786c4a01b9c,special
2026-08-10T09:12:26.744+00:00,35001.333,release,ae0fffa7bf37d5b9d993c3faf11e11373dbee70857570277f4d8e786c4a01b9c,special
2026-08-10T09:12:26.924+00:00,35181.845,press,52499948e51cc1ab88e16b60ad9a89518f3ccf5e395644caa9cea0c28470663c,character
2026-08-10T09:12:27.008+00:00,35265.527,release,52499948e51cc1ab88e16b60ad9a89518f3ccf5e395644caa9cea0c28470663c,character
2026-08-10T09:12:27.108+00:00,35365.206,press,ae0fffa7bf37d5b9d993c3faf11e11373dbee70857570277f4d8e786c4a01b9c,special
2026-08-10T09:12:27.196+00:00,35453.233,release,ae0fffa7bf37d5b9d993c3faf11e11373dbee70857570277f4d8e786c4a01b9c,special
2026-08-10T09:12:27.358+00:00,35615.6,press,ae2faa8f7b0ce4378083c8c430cfa37375e90b606533102a4d1ae59a0ace5ab8,character
2026-08-10T09:12:27.456+00:00,35713.745,release,ae2faa8f7b0ce4378083c8c430cfa37375e90b606533102a4d1ae59a0ace5ab8,character
2026-08-10T09:12:27.655+00:00,35911.854,press,f55367215c1bc555ff5d40216228137afd74b7aac9f0134903e15529427c1127,character
2026-08-10T09:12:27.730+00:00,35987.347,release,f55367215c1bc555ff5d40216228137afd74b7aac9f0134903e15529427c1127,character
2026-08-10T09:12:28.075+00:00,36332.542,press,ac19dc77757b532079d1735b8566fb60ac96ee03c27c5fe4366b752a46e8b051,character
2026-08-10T09:12:28.142+00:00,36399.786,release,ac19dc77757b532079d1735b8566fb60ac96ee03c27c5fe4366b752a46e8b051,character
2026-08-10T09:12:28.283+00:00,36539.98,press,e689fc9b2942276fb653d27385001e4137af8466fa7959fd89910d4b14af84ff,character
2026-08-10T09:12:28.381+00:00,36637.94,release,e689fc9b2942276fb653d27385001e4137af8466fa7959fd89910d4b14af84ff,character
2026-08-10T09:12:28.400+00:00,36657.25,press,ae0fffa7bf37d5b9d993c3faf11e11373dbee70857570277f4d8e786c4a01b9c,special
2026-08-10T09:12:28.493+00:00,36750.053,release,ae0fffa7bf37d5b9d993c3faf11e11373dbee70857570277f4d8e786c4a01b9c,special
2026-08-10T09:12:28.687+00:00,36944.724,press,52499948e51cc1ab88e16b60ad9a89518f3ccf5e395644caa9cea0c28470663c,character
2026-08-10T09:12:28.810+00:00,37067.569,release,52499948e51cc1ab88e16b60ad9a89518f3ccf5e395644caa9cea0c28470663c,character
2026-08-10T09:12:29.140+00:00,37397.661,press,7769ac8a12582e8ad3ccd6c8b7d5c7ab300644cefd2da3d1cda77fc5fce80812,character
2026-08-10T09:12:29.262+00:00,37519.64,release,7769ac8a12582e8ad3ccd6c8b7d5c7ab300644cefd2da3d1cda77fc5fce80812,character
2026-08-10T09:12:29.272+00:00,37529.299,press,ae0fffa7bf37d5b9d993c3faf11e11373dbee70857570277f4d8e786c4a01b9c,special
2026-08-10T09:12:29.364+00:00,37621.265,release,ae0fffa7bf37d5b9d993c3faf11e11373dbee70857570277f4d8e786c4a01b9c,special
2026-08-10T09:12:29.470+00:00,37727.391,press,52499948e51cc1ab88e16b60ad9a89518f3ccf5e395644caa9cea0c28470663c,character
2026-08-10T09:12:29.594+00:00,37851.595,release,52499948e51cc1ab88e16b60ad9a89518f3ccf5e395644caa9cea0c28470663c,character
2026-08-10T09:12:29.646+00:00,37903.59,press,2e08c4195ea03bb30885ed831a0fce02d00fbda2cc68ebe89562689cc6571e40,character
2026-08-10T09:12:29.780+00:00,38037.425,release,2e08c4195ea03bb30885ed831a0fce02d00fbda2cc68ebe89562689cc6571e40,character
2026-08-10T09:12:29.792+00:00,38049.235,press,ae0fffa7bf37d5b9d993c3faf11e11373dbee70857570277f4d8e786c4a01b9c,special
2026-08-10T09:12:29.882+00:00,38139.33,release,ae0fffa7bf37d5b9d993c3faf11e11373dbee70857570277f4d8e786c4a01b9c,special
2026-08-10T09:12:30.264+00:00,38521.591,press,5f8f53e65737690c04bddb4408b63fe0ad41c34fb2db7d1f6935feb3308e9787,character
2026-08-10T09:12:30.309+00:00,38566.538,press,1c38485e295dfe971f373a477c4f4e51d5bf5099ae0cb20d13da43c410cab47c,character
2026-08-10T09:12:30.378+00:00,38635.472,release,5f8f53e65737690c04bddb4408b63fe0ad41c34fb2db7d1f6935feb3308e9787,character
2026-08-10T09:12:30.451+00:00,38708.342,release,1c38485e295dfe971f373a477c4f4e51d5bf5099ae0cb20d13da43c410cab47c,character
2026-08-10T09:12:30.696+00:00,38953.539,press,a6f06fde7d842e34a637175d250e758537a9959c30d79714f634eeb938ad555f,character
2026-08-10T09:12:30.846+00:00,39103.397,release,a6f06fde7d842e34a637175d250e758537a9959c30d79714f634eeb938ad555f,character
2026-08-10T09:12:30.882+00:00,39139.672,press,ae0fffa7bf37d5b9d993c3faf11e11373dbee70857570277f4d8e786c4a01b9c,special
2026-08-10T09:12:30.986+00:00,39243.518,release,ae0fffa7bf37d5b9d993c3faf11e11373dbee70857570277f4d8e786c4a01b9c,special
2026-08-10T09:12:32.664+00:00,40921.615,press,5f8f53e65737690c04bddb4408b63fe0ad41c34fb2db7d1f6935feb3308e9787,character
2026-08-10T09:12:32.757+00:00,41013.982,release,5f8f53e65737690c04bddb4408b63fe0ad41c34fb2db7d1f6935feb3308e9787,character
2026-08-10T09:12:33.424+00:00,41681.323,press,b360eaf01d624a774522de4690df8752f947d5eaaf604b385197cc77174a088d,special
2026-08-10T09:12:33.531+00:00,41787.913,release,b360eaf01d624a774522de4690df8752f947d5eaaf604b385197cc77174a088d,special
2026-08-10T09:12:33.636+00:00,41893.562,press,ae0fffa7bf37d5b9d993c3faf11e11373dbee70857570277f4d8e786c4a01b9c,special
2026-08-10T09:12:33.762+00:00,42019.436,release,ae0fffa7bf37d5b9d993c3faf11e11373dbee70857570277f4d8e786c4a01b9c,special
2026-08-10T09:12:34.003+00:00,42259.942,press,a06f32066f95bf217db96bef0b03557ed5dbb1c8dafb669dd0b8e06e312387b1,character
2026-08-10T09:12:34.096+00:00,42353.505,release,a06f32066f95bf217db96bef0b03557ed5dbb1c8dafb669dd0b8e06e312387b1,character
2026-08-10T09:12:35.664+00:00,43921.548,press,b360eaf01d624a774522de4690df8752f947d5eaaf604b385197cc77174a088d,special
2026-08-10T09:12:35.759+00:00,44015.912,release,b360eaf01d624a774522de4690df8752f947d5eaaf604b385197cc77174a088d,special
2026-08-10T09:12:35.880+00:00,44137.619,press,b360eaf01d624a774522de4690df8752f947d5eaaf604b385197cc77174a088d,special
2026-08-10T09:12:35.960+00:00,44217.537,release,b360eaf01d624a774522de4690df8752f947d5eaaf604b385197cc77174a088d,special
2026-08-10T09:12:36.534+00:00,44791.54,press,5f8f53e65737690c04bddb4408b63fe0ad41c34fb2db7d1f6935feb3308e9787,character
2026-08-10T09:12:36.616+00:00,44873.698,release,5f8f53e65737690c04bddb4408b63fe0ad41c34fb2db7d1f6935feb3308e9787,character
2026-08-10T09:12:36.830+00:00,45087.565,press,a06f32066f95bf217db96bef0b03557ed5dbb1c8dafb669dd0b8e06e312387b1,character
2026-08-10T09:12:36.864+00:00,45121.816,release,a06f32066f95bf217db96bef0b03557ed5dbb1c8dafb669dd0b8e06e312387b1,character
2026-08-10T09:12:36.926+00:00,45183.63,press,a06f32066f95bf217db96bef0b03557ed5dbb1c8dafb669dd0b8e06e312387b1,character
2026-08-10T09:12:36.958+00:00,45215.769,release,a06f32066f95bf217db96bef0b03557ed5dbb1c8dafb669dd0b8e06e312387b1,character
2026-08-10T09:12:37.056+00:00,45313.731,press,7769ac8a12582e8ad3ccd6c8b7d5c7ab300644cefd2da3d1cda77fc5fce80812,character
2026-08-10T09:12:37.175+00:00,45432.012,release,7769ac8a12582e8ad3ccd6c8b7d5c7ab300644cefd2da3d1cda77fc5fce80812,character
2026-08-10T09:12:37.198+00:00,45455.709,press,ae0fffa7bf37d5b9d993c3faf11e11373dbee70857570277f4d8e786c4a01b9c,special
2026-08-10T09:12:37.305+00:00,45562.173,release,ae0fffa7bf37d5b9d993c3faf11e11373dbee70857570277f4d8e786c4a01b9c,special
2026-08-10T09:12:37.764+00:00,46021.736,press,7769ac8a12582e8ad3ccd6c8b7d5c7ab300644cefd2da3d1cda77fc5fce80812,character
2026-08-10T09:12:37.848+00:00,46105.778,press,5761acac657b955fbed518b8d1814e64ac36e86435d4068599dd23746b80d699,character
2026-08-10T09:12:37.882+00:00,46139.834,release,7769ac8a12582e8ad3ccd6c8b7d5c7ab300644cefd2da3d1cda77fc5fce80812,character
2026-08-10T09:12:37.956+00:00,46213.752,release,5761acac657b955fbed518b8d1814e64ac36e86435d4068599dd23746b80d699,character
2026-08-10T09:12:38.084+00:00,46341.763,press,52499948e51cc1ab88e16b60ad9a89518f3ccf5e395644caa9cea0c28470663c,character
2026-08-10T09:12:38.217+00:00,46474.012,release,52499948e51cc1ab88e16b60ad9a89518f3ccf5e395644caa9cea0c28470663c,character
2026-08-10T09:12:38.291+00:00,46548.682,press,2e08c4195ea03bb30885ed831a0fce02d00fbda2cc68ebe89562689cc6571e40,character
2026-08-10T09:12:38.430+00:00,46687.706,release,2e08c4195ea03bb30885ed831a0fce02d00fbda2cc68ebe89562689cc6571e40,character
2026-08-10T09:12:38.448+00:00,46705.589,press,ae0fffa7bf37d5b9d993c3faf11e11373dbee70857570277f4d8e786c4a01b9c,special
2026-08-10T09:12:38.530+00:00,46787.455,release,ae0fffa7bf37d5b9d993c3faf11e11373dbee70857570277f4d8e786c4a01b9c,special
2026-08-10T09:12:38.654+00:00,46911.833,press,52499948e51cc1ab88e16b60ad9a89518f3ccf5e395644caa9cea0c28470663c,character
2026-08-10T09:12:38.776+00:00,47033.553,release,52499948e51cc1ab88e16b60ad9a89518f3ccf5e395644caa9cea0c28470663c,character
2026-08-10T09:12:38.802+00:00,47059.542,press,2e08c4195ea03bb30885ed831a0fce02d00fbda2cc68ebe89562689cc6571e40,character
2026-08-10T09:12:38.933+00:00,47189.86,release,2e08c4195ea03bb30885ed831a0fce02d00fbda2cc68ebe89562689cc6571e40,character
2026-08-10T09:12:38.940+00:00,47197.447,press,ae0fffa7bf37d5b9d993c3faf11e11373dbee70857570277f4d8e786c4a01b9c,special
2026-08-10T09:12:39.025+00:00,47282.257,release,ae0fffa7bf37d5b9d993c3faf11e11373dbee70857570277f4d8e786c4a01b9c,special
2026-08-10T09:12:39.371+00:00,47628.204,press,5f8f53e65737690c04bddb4408b63fe0ad41c34fb2db7d1f6935feb3308e9787,character
2026-08-10T09:12:39.461+00:00,47718.299,release,5f8f53e65737690c04bddb4408b63fe0ad41c34fb2db7d1f6935feb3308e9787,character
2026-08-10T09:12:39.489+00:00,47746.382,press,1c38485e295dfe971f373a477c4f4e51d5bf5099ae0cb20d13da43c410cab47c,character
2026-08-10T09:12:39.604+00:00,47861.583,release,1c38485e295dfe971f373a477c4f4e51d5bf5099ae0cb20d13da43c410cab47c,character
2026-08-10T09:12:39.935+00:00,48192.004,press,a6f06fde7d842e34a637175d250e758537a9959c30d79714f634eeb938ad555f,character
2026-08-10T09:12:40.048+00:00,48304.884,release,a6f06fde7d842e34a637175d250e758537a9959c30d79714f634eeb938ad555f,character
2026-08-10T09:12:40.064+00:00,48321.503,press,ae0fffa7bf37d5b9d993c3faf11e11373dbee70857570277f4d8e786c4a01b9c,special
2026-08-10T09:12:40.152+00:00,48409.642,release,ae0fffa7bf37d5b9d993c3faf11e11373dbee70857570277f4d8e786c4a01b9c,special
2026-08-10T09:12:40.961+00:00,49218.056,press,2e08c4195ea03bb30885ed831a0fce02d00fbda2cc68ebe89562689cc6571e40,character
2026-08-10T09:12:41.093+00:00,49350.446,release,2e08c4195ea03bb30885ed831a0fce02d00fbda2cc68ebe89562689cc6571e40,character
2026-08-10T09:12:41.132+00:00,49389.623,press,ac19dc77757b532079d1735b8566fb60ac96ee03c27c5fe4366b752a46e8b051,character
2026-08-10T09:12:41.203+00:00,49460.544,release,ac19dc77757b532079d1735b8566fb60ac96ee03c27c5fe4366b752a46e8b051,character
2026-08-10T09:12:41.360+00:00,49617.845,press,ae0fffa7bf37d5b9d993c3faf11e11373dbee70857570277f4d8e786c4a01b9c,special
2026-08-10T09:12:41.461+00:00,49718.768,release,ae0fffa7bf37d5b9d993c3faf11e11373dbee70857570277f4d8e786c4a01b9c,special
2026-08-10T09:12:41.641+00:00,49898.698,press,52499948e51cc1ab88e16b60ad9a89518f3ccf5e395644caa9cea0c28470663c,character
2026-08-10T09:12:41.729+00:00,49986.25,release,52499948e51cc1ab88e16b60ad9a89518f3ccf5e395644caa9cea0c28470663c,character
2026-08-10T09:12:41.816+00:00,50073.761,press,ae0fffa7bf37d5b9d993c3faf11e11373dbee70857570277f4d8e786c4a01b9c,special
2026-08-10T09:12:41.905+00:00,50162.407,release,ae0fffa7bf37d5b9d993c3faf11e11373dbee70857570277f4d8e786c4a01b9c,special
2026-08-10T09:12:42.525+00:00,50782.119,press,1c38485e295dfe971f373a477c4f4e51d5bf5099ae0cb20d13da43c410cab47c,character
2026-08-10T09:12:42.681+00:00,50937.865,release,1c38485e295dfe971f373a477c4f4e51d5bf5099ae0cb20d13da43c410cab47c,character
2026-08-10T09:12:42.725+00:00,50982.663,press,1564d6cc392f103aea9e9b02b06d7c5e9628f59c8592080f99f415ccac6874b1,character
2026-08-10T09:12:42.823+00:00,51080.257,release,1564d6cc392f103aea9e9b02b06d7c5e9628f59c8592080f99f415ccac6874b1,character
2026-08-10T09:12:42.909+00:00,51166.396,press,ae0fffa7bf37d5b9d993c3faf11e11373dbee70857570277f4d8e786c4a01b9c,special
2026-08-10T09:12:43.007+00:00,51264.226,release,ae0fffa7bf37d5b9d993c3faf11e11373dbee70857570277f4d8e786c4a01b9c,special
2026-08-10T09:12:43.178+00:00,51435.809,press,1c38485e295dfe971f373a477c4f4e51d5bf5099ae0cb20d13da43c410cab47c,character
2026-08-10T09:12:43.349+00:00,51606.486,release,1c38485e295dfe971f373a477c4f4e51d5bf5099ae0cb20d13da43c410cab47c,character
2026-08-10T09:12:43.428+00:00,51685.067,press,5f8f53e65737690c04bddb4408b63fe0ad41c34fb2db7d1f6935feb3308e9787,character
2026-08-10T09:12:43.526+00:00,51783.72,release,5f8f53e65737690c04bddb4408b63fe0ad41c34fb2db7d1f6935feb3308e9787,character
2026-08-10T09:12:43.789+00:00,52046.04,press,96f85aeb125c3ed1a810ac1845fcedd6a877c10f972593c1bdb8f14fd1c93394,character
2026-08-10T09:12:43.889+00:00,52145.915,release,96f85aeb125c3ed1a810ac1845fcedd6a877c10f972593c1bdb8f14fd1c93394,character
2026-08-10T09:12:44.029+00:00,52286.508,press,c70344094ea28ac4b815b31e0071fc673cade1686a3426dc2cd7003f829bc6a4,character
2026-08-10T09:12:44.165+00:00,52421.884,release,c70344094ea28ac4b815b31e0071fc673cade1686a3426dc2cd7003f829bc6a4,character
2026-08-10T09:12:44.189+00:00,52446.029,press,ae0fffa7bf37d5b9d993c3faf11e11373dbee70857570277f4d8e786c4a01b9c,special
2026-08-10T09:12:44.282+00:00,52539.846,release,ae0fffa7bf37d5b9d993c3faf11e11373dbee70857570277f4d8e786c4a01b9c,special
2026-08-10T09:12:44.451+00:00,52708.633,press,7769ac8a12582e8ad3ccd6c8b7d5c7ab300644cefd2da3d1cda77fc5fce80812,character
2026-08-10T09:12:44.583+00:00,52839.911,release,7769ac8a12582e8ad3ccd6c8b7d5c7ab300644cefd2da3d1cda77fc5fce80812,character
2026-08-10T09:12:44.717+00:00,52973.998,press,ac19dc77757b532079d1735b8566fb60ac96ee03c27c5fe4366b752a46e8b051,character
2026-08-10T09:12:44.841+00:00,53097.904,release,ac19dc77757b532079d1735b8566fb60ac96ee03c27c5fe4366b752a46e8b051,character
2026-08-10T09:12:45.029+00:00,53285.865,press,ae0fffa7bf37d5b9d993c3faf11e11373dbee70857570277f4d8e786c4a01b9c,special
2026-08-10T09:12:45.133+00:00,53389.906,release,ae0fffa7bf37d5b9d993c3faf11e11373dbee70857570277f4d8e786c4a01b9c,special
2026-08-10T09:12:45.399+00:00,53656.072,press,7769ac8a12582e8ad3ccd6c8b7d5c7ab300644cefd2da3d1cda77fc5fce80812,character
2026-08-10T09:12:45.501+00:00,53757.991,release,7769ac8a12582e8ad3ccd6c8b7d5c7ab300644cefd2da3d1cda77fc5fce80812,character
2026-08-10T09:12:46.063+00:00,54320.015,press,c70344094ea28ac4b815b31e0071fc673cade1686a3426dc2cd7003f829bc6a4,character
2026-08-10T09:12:46.183+00:00,54439.964,release,c70344094ea28ac4b815b31e0071fc673cade1686a3426dc2cd7003f829bc6a4,character
2026-08-10T09:12:46.299+00:00,54555.968,press,2e08c4195ea03bb30885ed831a0fce02d00fbda2cc68ebe89562689cc6571e40,character
2026-08-10T09:12:46.405+00:00,54662.463,release,2e08c4195ea03bb30885ed831a0fce02d00fbda2cc68ebe89562689cc6571e40,character
2026-08-10T09:12:46.542+00:00,54799.811,press,7769ac8a12582e8ad3ccd6c8b7d5c7ab300644cefd2da3d1cda77fc5fce80812,character
2026-08-10T09:12:46.682+00:00,54939.802,release,7769ac8a12582e8ad3ccd6c8b7d5c7ab300644cefd2da3d1cda77fc5fce80812,character
2026-08-10T09:12:46.706+00:00,54963.721,press,ae0fffa7bf37d5b9d993c3faf11e11373dbee70857570277f4d8e786c4a01b9c,special
2026-08-10T09:12:46.813+00:00,55070.328,release,ae0fffa7bf37d5b9d993c3faf11e11373dbee70857570277f4d8e786c4a01b9c,special
2026-08-10T09:12:47.369+00:00,55626.264,press,7769ac8a12582e8ad3ccd6c8b7d5c7ab300644cefd2da3d1cda77fc5fce80812,character
2026-08-10T09:12:47.475+00:00,55731.934,press,5761acac657b955fbed518b8d1814e64ac36e86435d4068599dd23746b80d699,character
2026-08-10T09:12:47.499+00:00,55755.951,release,7769ac8a12582e8ad3ccd6c8b7d5c7ab300644cefd2da3d1cda77fc5fce80812,character
2026-08-10T09:12:47.628+00:00,55884.914,release,5761acac657b955fbed518b8d1814e64ac36e86435d4068599dd23746b80d699,character
2026-08-10T09:12:47.889+00:00,56146.124,press,1c38485e295dfe971f373a477c4f4e51d5bf5099ae0cb20d13da43c410cab47c,character
2026-08-10T09:12:47.953+00:00,56210.298,release,1c38485e295dfe971f373a477c4f4e51d5bf5099ae0cb20d13da43c410cab47c,character
2026-08-10T09:12:49.185+00:00,57442.136,press,7769ac8a12582e8ad3ccd6c8b7d5c7ab300644cefd2da3d1cda77fc5fce80812,character
2026-08-10T09:12:49.320+00:00,57577.733,release,7769ac8a12582e8ad3ccd6c8b7d5c7ab300644cefd2da3d1cda77fc5fce80812,character
2026-08-10T09:12:49.417+00:00,57673.979,press,ae0fffa7bf37d5b9d993c3faf11e11373dbee70857570277f4d8e786c4a01b9c,special
2026-08-10T09:12:49.617+00:00,57873.866,release,ae0fffa7bf37d5b9d993c3faf11e11373dbee70857570277f4d8e786c4a01b9c,special
2026-08-10T09:12:50.682+00:00,58938.976,press,b360eaf01d624a774522de4690df8752f947d5eaaf604b385197cc77174a088d,special
2026-08-10T09:12:50.785+00:00,59042.559,release,b360eaf01d624a774522de4690df8752f947d5eaaf604b385197cc77174a088d,special
2026-08-10T09:12:52.745+00:00,61002.572,press,d19d3546f2af640db5409e03b47bcf5d11cea59a3c70587869a97ccedaf7274c,character
2026-08-10T09:12:52.828+00:00,61085.293,release,d19d3546f2af640db5409e03b47bcf5d11cea59a3c70587869a97ccedaf7274c,character
