key_id,press_time,release_time,hold_time_ms
f55367215c1bc555ff5d40216228137afd74b7aac9f0134903e15529427c1127,5698.871,5719.574,20.70299999999952
ac19dc77757b532079d1735b8566fb60ac96ee03c27c5fe4366b752a46e8b051,5885.688,6013.489,127.80099999999948
7769ac8a12582e8ad3ccd6c8b7d5c7ab300644cefd2da3d1cda77fc5fce80812,6247.762,6370.21,122.44800000000032
c70344094ea28ac4b815b31e0071fc673cade1686a3426dc2cd7003f829bc6a4,6403.618,6539.473,135.85499999999956
29b324292d73b28a958a4686711b38ccabe75160382c10dc5ded58fa1ee78eea,7165.691,7283.657,117.96600000000035
ccfdb4782ffc8412976c1e6dda4a0ad8f2be613e6d9287ec575ec3c8232b5a39,7333.337,7529.425,196.08799999999974
ccfdb4782ffc8412976c1e6dda4a0ad8f2be613e6d9287ec575ec3c8232b5a39,8918.129,9067.833,149.70399999999972
5761acac657b955fbed518b8d1814e64ac36e86435d4068599dd23746b80d699,16625.238,16658.925,33.68699999999808
52499948e51cc1ab88e16b60ad9a89518f3ccf5e395644caa9cea0c28470663c,16750.976,16873.382,122.40600000000268
ae0fffa7bf37d5b9d993c3faf11e11373dbee70857570277f4d8e786c4a01b9c,16962.931,17036.891,73.95999999999913
7769ac8a12582e8ad3ccd6c8b7d5c7ab300644cefd2da3d1cda77fc5fce80812,17220.944,17313.004,92.06000000000131
5761acac657b955fbed518b8d1814e64ac36e86435d4068599dd23746b80d699,17425.044,17535.017,109.97299999999814
52499948e51cc1ab88e16b60ad9a89518f3ccf5e395644caa9cea0c28470663c,17665.119,17789.023,123.90400000000227
2e08c4195ea03bb30885ed831a0fce02d00fbda2cc68ebe89562689cc6571e40,17847.419,17949.496,102.0769999999975
ae0fffa7bf37d5b9d993c3faf11e11373dbee70857570277f4d8e786c4a01b9c,17950.685,18017.399,66.71399999999994
ae0fffa7bf37d5b9d993c3faf11e11373dbee70857570277f4d8e786c4a01b9c,18258.823,18352.829,94.00600000000122
52499948e51cc1ab88e16b60ad9a89518f3ccf5e395644caa9cea0c28470663c,18467.912,18602.967,135.0550000000003
2e08c4195ea03bb30885ed831a0fce02d00fbda2cc68ebe89562689cc6571e40,18646.925,18763.603,116.67799999999988
ae0fffa7bf37d5b9d993c3faf11e11373dbee70857570277f4d8e786c4a01b9c,19013.956,19093.124,79.16800000000148
1c38485e295dfe971f373a477c4f4e51d5bf5099ae0cb20d13da43c410cab47c,19310.919,19461.337,150.41799999999785
ae0fffa7bf37d5b9d993c3faf11e11373dbee70857570277f4d8e786c4a01b9c,19474.782,19572.991,98.20900000000256
7769ac8a12582e8ad3ccd6c8b7d5c7ab300644cefd2da3d1cda77fc5fce80812,19835.638,19954.932,119.29400000000169
c70344094ea28ac4b815b31e0071fc673cade1686a3426dc2cd7003f829bc6a4,20053.483,20177.16,123.67699999999968
2e08c4195ea03bb30885ed831a0fce02d00fbda2cc68ebe89562689cc6571e40,20329.172,20483.183,154.01100000000224
7769ac8a12582e8ad3ccd6c8b7d5c7ab300644cefd2da3d1cda77fc5fce80812,20463.045,20543.149,80.104000000003
ae0fffa7bf37d5b9d993c3faf11e11373dbee70857570277f4d8e786c4a01b9c,20618.812,20696.893,78.08099999999831
926b0b1a9b53764f7593878fa3ee85f1375d82ee8e3840c567c004d7698b4485,21123.105,21255.181,132.07600000000093
5761acac657b955fbed518b8d1814e64ac36e86435d4068599dd23746b80d699,21275.034,21389.319,114.28499999999985
c70344094ea28ac4b815b31e0071fc673cade1686a3426dc2cd7003f829bc6a4,21481.432,21597.183,115.7510000000002
926b0b1a9b53764f7593878fa3ee85f1375d82ee8e3840c567c004d7698b4485,21815.604,21965.107,149.5030000000006
ae2faa8f7b0ce4378083c8c430cfa37375e90b606533102a4d1ae59a0ace5ab8,22377.211,22473.46,96.2489999999998
ae0fffa7bf37d5b9d993c3faf11e11373dbee70857570277f4d8e786c4a01b9c,22537.258,22652.848,115.59000000000015
2014880db646d4162ebc36eb5855c9107983238de62481f26bb5a0942fdfdc4c,23573.097,23695.06,121.96299999999974
ac19dc77757b532079d1735b8566fb60ac96ee03c27c5fe4366b752a46e8b051,24007.297,24097.135,89.83799999999974
b8330213047c7e85d79510cb4d7d9dc4defbcf487bbfb227bc96a2a53af45572,24199.071,24321.166,122.09500000000116
ae0fffa7bf37d5b9d993c3faf11e11373dbee70857570277f4d8e786c4a01b9c,24332.921,24429.452,96.53100000000268
f55367215c1bc555ff5d40216228137afd74b7aac9f0134903e15529427c1127,25135.043,25219.104,84.06099999999788
c70344094ea28ac4b815b31e0071fc673cade1686a3426dc2cd7003f829bc6a4,25531.134,25627.225,96.09100000000035
e689fc9b2942276fb653d27385001e4137af8466fa7959fd89910d4b14af84ff,25745.253,25863.664,118.41100000000006
ae0fffa7bf37d5b9d993c3faf11e11373dbee70857570277f4d8e786c4a01b9c,25865.136,25967.288,102.15200000000186
a06f32066f95bf217db96bef0b03557ed5dbb1c8dafb669dd0b8e06e312387b1,26607.991,26713.236,105.24499999999898
29b324292d73b28a958a4686711b38ccabe75160382c10dc5ded58fa1ee78eea,27011.942,27129.171,117.22899999999936
a6f06fde7d842e34a637175d250e758537a9959c30d79714f634eeb938ad555f,27449.547,27577.217,127.67000000000189
1c38485e295dfe971f373a477c4f4e51d5bf5099ae0cb20d13da43c410cab47c,27625.652,27771.387,145.73500000000058
7769ac8a12582e8ad3ccd6c8b7d5c7ab300644cefd2da3d1cda77fc5fce80812,27789.145,27885.307,96.16200000000026
c70344094ea28ac4b815b31e0071fc673cade1686a3426dc2cd7003f829bc6a4,27963.68,28075.28,111.59999999999854
ae0fffa7bf37d5b9d993c3faf11e11373dbee70857570277f4d8e786c4a01b9c,28048.087,28163.539,115.45200000000114
2014880db646d4162ebc36eb5855c9107983238de62481f26bb5a0942fdfdc4c,28321.341,28471.138,149.79699999999866
ac19dc77757b532079d1735b8566fb60ac96ee03c27c5fe4366b752a46e8b051,28701.32,28801.933,100.6130000000012
b8330213047c7e85d79510cb4d7d9dc4defbcf487bbfb227bc96a2a53af45572,28815.044,28947.689,132.6449999999968
ae0fffa7bf37d5b9d993c3faf11e11373dbee70857570277f4d8e786c4a01b9c,28973.039,29069.265,96.22599999999875
ae2faa8f7b0ce4378083c8c430cfa37375e90b606533102a4d1ae59a0ace5ab8,29431.305,29525.376,94.07099999999991
c70344094ea28ac4b815b31e0071fc673cade1686a3426dc2cd7003f829bc6a4,29885.671,30007.294,121.62300000000323
09787ed3fcec1c9b8ac6acb5de3f1f9fc76fc351ce37393265b3f8d781276165,30139.303,30225.111,85.8080000000009
5f8f53e65737690c04bddb4408b63fe0ad41c34fb2db7d1f6935feb3308e9787,30503.63,30593.577,89.94700000000012
ac19dc77757b532079d1735b8566fb60ac96ee03c27c5fe4366b752a46e8b051,30928.311,31035.738,107.42699999999968
1c38485e295dfe971f373a477c4f4e51d5bf5099ae0cb20d13da43c410cab47c,31057.33,31225.292,167.96199999999953
b8330213047c7e85d79510cb4d7d9dc4defbcf487bbfb227bc96a2a53af45572,31429.752,31547.386,117.6339999999982
a6f06fde7d842e34a637175d250e758537a9959c30d79714f634eeb938ad555f,31711.365,31867.358,155.99299999999857
ae0fffa7bf37d5b9d993c3faf11e11373dbee70857570277f4d8e786c4a01b9c,32065.278,32191.212,125.9340000000011
96f85aeb125c3ed1a810ac1845fcedd6a877c10f972593c1bdb8f14fd1c93394,32656.383,32735.322,78.93899999999849
ac19dc77757b532079d1735b8566fb60ac96ee03c27c5fe4366b752a46e8b051,32881.329,32946.371,65.04200000000128
f223596fa1f386737d78b7ac2fd7e18f3a38d286beee03de8d2319a7170b28fa,33321.63,33391.566,69.93600000000151
f223596fa1f386737d78b7ac2fd7e18f3a38d286beee03de8d2319a7170b28fa,33471.33,33558.354,87.02399999999761
c70344094ea28ac4b815b31e0071fc673cade1686a3426dc2cd7003f829bc6a4,33617.393,33729.288,111.89500000000407
b8330213047c7e85d79510cb4d7d9dc4defbcf487bbfb227bc96a2a53af45572,33843.531,33935.584,92.05299999999988
ae0fffa7bf37d5b9d993c3faf11e11373dbee70857570277f4d8e786c4a01b9c,33981.316,34040.123,58.8070000000007
2e08c4195ea03bb30885ed831a0fce02d00fbda2cc68ebe89562689cc6571e40,34478.522,34645.323,166.80099999999948
ac19dc77757b532079d1735b8566fb60ac96ee03c27c5fe4366b752a46e8b051,34721.743,34794.273,72.52999999999884
ae0fffa7bf37d5b9d993c3faf11e11373dbee70857570277f4d8e786c4a01b9c,34912.006,35001.333,89.3269999999975
52499948e51cc1ab88e16b60ad9a89518f3ccf5e395644caa9cea0c28470663c,35181.845,35265.527,83.6820000000007
ae0fffa7bf37d5b9d993c3faf11e11373dbee70857570277f4d8e786c4a01b9c,35365.206,35453.233,88.02700000000186
ae2faa8f7b0ce4378083c8c430cfa37375e90b606533102a4d1ae59a0ace5ab8,35615.6,35713.745,98.14500000000407
f55367215c1bc555ff5d40216228137afd74b7aac9f0134903e15529427c1127,35911.854,35987.347,75.49300000000221
ac19dc77757b532079d1735b8566fb60ac96ee03c27c5fe4366b752a46e8b051,36332.542,36399.786,67.24399999999878
e689fc9b2942276fb653d27385001e4137af8466fa7959fd89910d4b14af84ff,36539.98,36637.94,97.95999999999913
ae0fffa7bf37d5b9d993c3faf11e11373dbee70857570277f4d8e786c4a01b9c,36657.25,36750.053,92.80299999999988
52499948e51cc1ab88e16b60ad9a89518f3ccf5e395644caa9cea0c28470663c,36944.724,37067.569,122.84500000000116
7769ac8a12582e8ad3ccd6c8b7d5c7ab300644cefd2da3d1cda77fc5fce80812,37397.661,37519.64,121.97899999999936
ae0fffa7bf37d5b9d993c3faf11e11373dbee70857570277f4d8e786c4a01b9c,37529.299,37621.265,91.96600000000035
52499948e51cc1ab88e16b60ad9a89518f3ccf5e395644caa9cea0c28470663c,37727.391,37851.595,124.2039999999979
2e08c4195ea03bb30885ed831a0fce02d00fbda2cc68ebe89562689cc6571e40,37903.59,38037.425,133.8350000000064
ae0fffa7bf37d5b9d993c3faf11e11373dbee70857570277f4d8e786c4a01b9c,38049.235,38139.33,90.09500000000116
5f8f53e65737690c04bddb4408b63fe0ad41c34fb2db7d1f6935feb3308e9787,38521.591,38635.472,113.88100000000122
1c38485e295dfe971f373a477c4f4e51d5bf5099ae0cb20d13da43c410cab47c,38566.538,38708.342,141.80399999999645
a6f06fde7d842e34a637175d250e758537a9959c30d79714f634eeb938ad555f,38953.539,39103.397,149.85800000000017
ae0fffa7bf37d5b9d993c3faf11e11373dbee70857570277f4d8e786c4a01b9c,39139.672,39243.518,103.84599999999773
5f8f53e65737690c04bddb4408b63fe0ad41c34fb2db7d1f6935feb3308e9787,40921.615,41013.982,92.36700000000565
b360eaf01d624a774522de4690df8752f947d5eaaf604b385197cc77174a088d,41681.323,41787.913,106.59000000000378
ae0fffa7bf37d5b9d993c3faf11e11373dbee70857570277f4d8e786c4a01b9c,41893.562,42019.436,125.87400000000343
a06f32066f95bf217db96bef0b03557ed5dbb1c8dafb669dd0b8e06e312387b1,42259.942,42353.505,93.56299999999464
b360eaf01d624a774522de4690df8752f947d5eaaf604b385197cc77174a088d,43921.548,44015.912,94.36399999999412
b360eaf01d624a774522de4690df8752f947d5eaaf604b385197cc77174a088d,44137.619,44217.537,79.91799999999785
5f8f53e65737690c04bddb4408b63fe0ad41c34fb2db7d1f6935feb3308e9787,44791.54,44873.698,82.15799999999581
a06f32066f95bf217db96bef0b03557ed5dbb1c8dafb669dd0b8e06e312387b1,45087.565,45121.816,34.250999999996566
a06f32066f95bf217db96bef0b03557ed5dbb1c8dafb669dd0b8e06e312387b1,45183.63,45215.769,32.13900000000285
7769ac8a12582e8ad3ccd6c8b7d5c7ab300644cefd2da3d1cda77fc5fce80812,45313.731,45432.012,118.28100000000268
ae0fffa7bf37d5b9d993c3faf11e11373dbee70857570277f4d8e786c4a01b9c,45455.709,45562.173,106.46399999999994
7769ac8a12582e8ad3ccd6c8b7d5c7ab300644cefd2da3d1cda77fc5fce80812,46021.736,46139.834,118.09800000000541
5761acac657b955fbed518b8d1814e64ac36e86435d4068599dd23746b80d699,46105.778,46213.752,107.97400000000198
52499948e51cc1ab88e16b60ad9a89518f3ccf5e395644caa9cea0c28470663c,46341.763,46474.012,132.24900000000343
2e08c4195ea03bb30885ed831a0fce02d00fbda2cc68ebe89562689cc6571e40,46548.682,46687.706,139.0239999999976
ae0fffa7bf37d5b9d993c3faf11e11373dbee70857570277f4d8e786c4a01b9c,46705.589,46787.455,81.8660000000018
52499948e51cc1ab88e16b60ad9a89518f3ccf5e395644caa9cea0c28470663c,46911.833,47033.553,121.72000000000116
2e08c4195ea03bb30885ed831a0fce02d00fbda2cc68ebe89562689cc6571e40,47059.542,47189.86,130.3179999999993
ae0fffa7bf37d5b9d993c3faf11e11373dbee70857570277f4d8e786c4a01b9c,47197.447,47282.257,84.80999999999767
5f8f53e65737690c04bddb4408b63fe0ad41c34fb2db7d1f6935feb3308e9787,47628.204,47718.299,90.09500000000116
1c38485e295dfe971f373a477c4f4e51d5bf5099ae0cb20d13da43c410cab47c,47746.382,47861.583,115.20100000000093
a6f06fde7d842e34a637175d250e758537a9959c30d79714f634eeb938ad555f,48192.004,48304.884,112.87999999999738
ae0fffa7bf37d5b9d993c3faf11e11373dbee70857570277f4d8e786c4a01b9c,48321.503,48409.642,88.13900000000285
2e08c4195ea03bb30885ed831a0fce02d00fbda2cc68ebe89562689cc6571e40,49218.056,49350.446,132.3900000000067
ac19dc77757b532079d1735b8566fb60ac96ee03c27c5fe4366b752a46e8b051,49389.623,49460.544,70.9210000000021
ae0fffa7bf37d5b9d993c3faf11e11373dbee70857570277f4d8e786c4a01b9c,49617.845,49718.768,100.92299999999523
52499948e51cc1ab88e16b60ad9a89518f3ccf5e395644caa9cea0c28470663c,49898.698,49986.25,87.55200000000332
ae0fffa7bf37d5b9d993c3faf11e11373dbee70857570277f4d8e786c4a01b9c,50073.761,50162.407,88.64600000000064
1c38485e295dfe971f373a477c4f4e51d5bf5099ae0cb20d13da43c410cab47c,50782.119,50937.865,155.74599999999919
1564d6cc392f103aea9e9b02b06d7c5e9628f59c8592080f99f415ccac6874b1,50982.663,51080.257,97.59399999999732
ae0fffa7bf37d5b9d993c3faf11e11373dbee70857570277f4d8e786c4a01b9c,51166.396,51264.226,97.83000000000175
1c38485e295dfe971f373a477c4f4e51d5bf5099ae0cb20d13da43c410cab47c,51435.809,51606.486,170.67699999999604
5f8f53e65737690c04bddb4408b63fe0ad41c34fb2db7d1f6935feb3308e9787,51685.067,51783.72,98.65299999999843
96f85aeb125c3ed1a810ac1845fcedd6a877c10f972593c1bdb8f14fd1c93394,52046.04,52145.915,99.875
c70344094ea28ac4b815b31e0071fc673cade1686a3426dc2cd7003f829bc6a4,52286.508,52421.884,135.37599999999657
ae0fffa7bf37d5b9d993c3faf11e11373dbee70857570277f4d8e786c4a01b9c,52446.029,52539.846,93.81699999999546
7769ac8a12582e8ad3ccd6c8b7d5c7ab300644cefd2da3d1cda77fc5fce80812,52708.633,52839.911,131.27799999999843
ac19dc77757b532079d1735b8566fb60ac96ee03c27c5fe4366b752a46e8b051,52973.998,53097.904,123.90600000000268
ae0fffa7bf37d5b9d993c3faf11e11373dbee70857570277f4d8e786c4a01b9c,53285.865,53389.906,104.04100000000471
7769ac8a12582e8ad3ccd6c8b7d5c7ab300644cefd2da3d1cda77fc5fce80812,53656.072,53757.991,101.91900000000169
c70344094ea28ac4b815b31e0071fc673cade1686a3426dc2cd7003f829bc6a4,54320.015,54439.964,119.94900000000052
2e08c4195ea03bb30885ed831a0fce02d00fbda2cc68ebe89562689cc6571e40,54555.968,54662.463,106.49500000000262
7769ac8a12582e8ad3ccd6c8b7d5c7ab300644cefd2da3d1cda77fc5fce80812,54799.811,54939.802,139.9910000000018
ae0fffa7bf37d5b9d993c3faf11e11373dbee70857570277f4d8e786c4a01b9c,54963.721,55070.328,106.60700000000361
7769ac8a12582e8ad3ccd6c8b7d5c7ab300644cefd2da3d1cda77fc5fce80812,55626.264,55755.951,129.68699999999808
5761acac657b955fbed518b8d1814e64ac36e86435d4068599dd23746b80d699,55731.934,55884.914,152.97999999999593
1c38485e295dfe971f373a477c4f4e51d5bf5099ae0cb20d13da43c410cab47c,56146.124,56210.298,64.17399999999907
7769ac8a12582e8ad3ccd6c8b7d5c7ab300644cefd2da3d1cda77fc5fce80812,57442.136,57577.733,135.59700000000157
ae0fffa7bf37d5b9d993c3faf11e11373dbee70857570277f4d8e786c4a01b9c,57673.979,57873.866,199.88700000000244
b360eaf01d624a774522de4690df8752f947d5eaaf604b385197cc77174a088d,58938.976,59042.559,103.58299999999872
d19d3546f2af640db5409e03b47bcf5d11cea59a3c70587869a97ccedaf7274c,61002.572,61085.293,82.72099999999773
